Job ID,Job URL,Job Title,Company Name,Status,Timestamp,WP ID
f05e4e27f6093815,https://cf.linkedin.com/jobs/view/food-service-manager-at-michigan-christian-youth-camp-4435418520,Food Service Manager,MICHIGAN CHRISTIAN YOUTH CAMP,posted,2026-07-07T00:00:59.811717,23
1493564d8598dddf,https://cf.linkedin.com/jobs/view/foh-staff-at-accidental-theatre-belfast-4435818032,FOH Staff,,scraped,2026-07-07T00:01:02.268649,
2ebfe8ef972e6556,https://cf.linkedin.com/jobs/view/health-safety-social-and-environmental-associate-occupational-health-safety-at-unops-4432708623,"Health, Safety, Social and Environmental Associate - Occupational Health & Safety",,scraped,2026-07-07T00:01:08.450656,
a1d34550946a431b,https://cf.linkedin.com/jobs/view/automotive-service-technician-at-mills-automotive-group-4433751900,Automotive Service Technician,Mills Automotive Group,posted,2026-07-07T00:01:23.220046,25
91179281b0a0c957,https://cf.linkedin.com/jobs/view/hyundai-service-advisor-at-mills-automotive-group-4431992299,Hyundai Service Advisor,Mills Automotive Group,posted,2026-07-07T00:01:32.677635,27
d36bd3ba26531bd7,https://cf.linkedin.com/jobs/view/automotive-service-technician-at-mills-automotive-group-4433989922,Automotive Service Technician,Mills Automotive Group,scraped,2026-07-07T00:01:36.926273,
c393a4af44ed2eb9,https://cf.linkedin.com/jobs/view/officier-finance-at-international-rescue-committee-4434762115,Officier Finance,International Rescue Committee,posted,2026-07-07T00:01:46.587701,29
59b3c919c6a8b57d,https://cf.linkedin.com/jobs/view/french-language-expert-remote-at-yo-it-consulting-4435708746,French Language Expert - Remote,,scraped,2026-07-07T00:01:49.213444,
d12b6b8dd6ef9bc4,https://cf.linkedin.com/jobs/view/junior-office-assistant-at-terberg-totaal-installaties-4436349210,Junior Office Assistant,,scraped,2026-07-07T00:01:55.454271,
e1faad07e5c93022,https://cf.linkedin.com/jobs/view/automotive-service-technician-at-mills-automotive-group-4433988884,Automotive Service Technician,Mills Automotive Group,scraped,2026-07-07T00:02:04.266613,
bb15db4b084a8006,https://cf.linkedin.com/jobs/view/officier-administration-at-international-rescue-committee-4437199371,Officier Administration,International Rescue Committee,posted,2026-07-07T12:17:21.713760,31
5d4fd5ac5b8930c1,https://cf.linkedin.com/jobs/view/food-service-supervisor-at-russell-county-hospital-4435828168,Food Service Supervisor,Russell County Hospital,posted,2026-07-07T12:17:30.716928,33
f34f93bce5bb4ed3,https://cf.linkedin.com/jobs/view/maintenance-manager-plantation-central-africa-at-achyutam-international-consulting-in-hr-finance-4435531793,Maintenance Manager- Plantation- Central Africa,,scraped,2026-07-07T12:17:33.061889,
8b585b68e84e93e7,https://cf.linkedin.com/jobs/view/project-development-and-reporting-officer-p-at-iom-un-migration-4436487861,Project Development and Reporting Officer (P),IOM - UN Migration,posted,2026-07-07T12:17:52.189964,35
f3133562168b55c9,https://cf.linkedin.com/jobs/view/responsable-de-la-gestion-de-l%E2%80%99information-information-management-officer-%E2%80%93-imo-%E2%80%93-r%C3%A9publique-centrafricaine-at-folkekirkens-n%C3%B8dhj%C3%A6lp-danchurchaid-4437430083,Responsable de la Gestion de l’Information (Information Management Officer – IMO) – République Centrafricaine,,scraped,2026-07-07T12:17:56.844546,
5c8402a4b96501c8,https://cf.linkedin.com/jobs/view/national-finance-officer-2-positions-at-iom-un-migration-4437765060,National Finance Officer (2 positions),IOM - UN Migration,posted,2026-07-07T12:18:13.145676,37
298662cc0dab4b23,https://cf.linkedin.com/jobs/view/business-manager-pharma-at-confidential-4436718885,Business Manager (Pharma),Confidential,posted,2026-07-07T12:18:23.198902,39
7575e8d0a26af63f,https://cf.linkedin.com/jobs/view/ingo-forum-coordinator-wv-car-at-world-vision-4432381565,INGO Forum Coordinator  (WV CAR),,scraped,2026-07-07T12:18:25.770479,
ef0968234e379953,https://cf.linkedin.com/jobs/view/responsable-du-pastoralisme-durable-rca-at-wildlife-conservation-society-4385295855,"Responsable du Pastoralisme Durable, RCA",Wildlife Conservation Society,posted,2026-07-07T12:18:38.724011,41
68ddcb96c83f9a38,https://cf.linkedin.com/jobs/view/reinigungskr%C3%A4fte-m-w-d-in-vollzeit-im-raum-m%C3%BCnchen-standort-m%C3%BCnchen-schwabing-at-kbo-%E2%80%93-kliniken-des-bezirks-oberbayern-4435468132,Reinigungskräfte (m/w/d) in Vollzeit im Raum München - Standort München Schwabing,,scraped,2026-07-07T12:18:41.386619,
59aaca56234a6de7,https://cf.linkedin.com/jobs/view/sage-femme-1-at-world-vision-4437186635,Sage-Femme-1,,scraped,2026-07-07T12:18:50.141744,
393849d7162d6255,https://cf.linkedin.com/jobs/view/service-technieker-%E2%80%93-elektromechanica-at-allift-michielsens-4435325152,Service technieker – Elektromechanica,,scraped,2026-07-07T20:35:13.897507,
e72def5e5d7d5d55,https://cf.linkedin.com/jobs/view/ausbildungsplatz-veranstaltungskauffrau-mann-divers-at-3s-gmbh-co-kg-4437763270,Ausbildungsplatz Veranstaltungskauffrau/Mann /Divers,,scraped,2026-07-07T20:35:31.823186,
267cf3bf57384540,https://cf.linkedin.com/jobs/view/restaurant-staff-hiring-at-yalladuka-buy-or-sell-anything-in-uae-4438202599,Restaurant staff hiring,,scraped,2026-07-08T15:55:17.254460,
d3233f420e740016,https://cf.linkedin.com/jobs/view/service-advisor-at-mills-automotive-group-4433761262,Service Advisor,Mills Automotive Group,posted,2026-07-08T15:55:46.274092,53
9ef7cc9efbc2ef17,https://cf.linkedin.com/jobs/view/health-safety-social-and-environmental-associate-social-development-at-unops-4434576327,"Health, Safety, Social and Environmental Associate - Social Development",,scraped,2026-07-08T20:41:37.044413,
bc39f41df9ee605a,https://cf.linkedin.com/jobs/view/emergency-coordinator-p-at-iom-un-migration-4438174719,Emergency Coordinator (P),IOM - UN Migration,posted,2026-07-08T20:41:59.603309,55
9b26023621d096cc,https://cf.linkedin.com/jobs/view/client-service-representative-at-wlt-software-mediclaims-benefit-administration-and-claims-processing-software-4437354075,Client Service Representative,WLT Software MediClaims - Benefit Administration and Claims Processing Software,posted,2026-07-09T10:34:13.992416,57
e480ac7c706ac9e4,https://cf.linkedin.com/jobs/view/expert-e-secteur-de-l%E2%80%99%C3%A9nergie-au-b%C3%A9nin-at-ntu-international-a-s-4438646666,Expert(e) Secteur de l’Énergie au Bénin,,scraped,2026-07-09T18:34:58.256618,
019a1a9a66e64226,https://cf.linkedin.com/jobs/view/euro-automotive-service-technician-at-mills-automotive-group-4435920246,Euro Automotive Service Technician,Mills Automotive Group,posted,2026-07-09T23:57:51.359654,59
083b3e1812782776,https://cf.linkedin.com/jobs/view/consultant-at-international-medical-corps-4438886028,Consultant,International Medical Corps,posted,2026-07-10T11:27:48.128839,61
dd003203e160b61c,https://cf.linkedin.com/jobs/view/database-officer-p-at-iom-un-migration-4438643727,Database Officer (P),IOM - UN Migration,posted,2026-07-10T11:28:08.870479,63
5ea0d489c304c806,https://cf.linkedin.com/jobs/view/ervaren-service-technieker-at-actron-koeltechnieken-4435947564,ERVAREN SERVICE TECHNIEKER,Actron - Koeltechnieken,posted,2026-07-10T11:28:24.831719,65
ef70cc726af97690,https://cf.linkedin.com/jobs/view/national-service-delivery-partner-sydney-open-to-all-australian-locations-at-lizard-centre-4437991729,National Service Delivery Partner - Sydney (open to all Australian locations),,scraped,2026-07-10T18:12:44.292548,
3a963e8da46a17d7,https://cf.linkedin.com/jobs/view/national-service-delivery-partner-melbourne-at-lizard-centre-4437993687,National Service Delivery Partner - Melbourne,,scraped,2026-07-10T18:12:52.882217,
58bcb84c0ef2756b,https://cf.linkedin.com/jobs/view/automotive-service-technician-at-mills-automotive-group-4435914519,Automotive Service Technician,Mills Automotive Group,posted,2026-07-10T18:13:09.316738,25
706a544409623b96,https://cf.linkedin.com/jobs/view/social-work-children-service-at-learning-skills-4435956902,Social Work - Children Service,,scraped,2026-07-10T18:13:11.996611,
5a6edaf3e6568ccf,https://cf.linkedin.com/jobs/view/french-bilingual-b2b-customer-success-coordinator-at-bruntwork-4435639225,French Bilingual B2B Customer Success Coordinator,,scraped,2026-07-10T18:13:30.264001,
e9de946fc9d9b0d6,https://cf.linkedin.com/jobs/view/juriste-sp%C3%A9cialis%C3%A9-en-cadre-l%C3%A9gal-et-r%C3%A9glementaire-du-secteur-de-l%E2%80%99%C3%A9nergie-et-des-ppp-at-ntu-international-a-s-4439076603,Juriste spécialisé en cadre légal et réglementaire du secteur de l’énergie et des PPP,,scraped,2026-07-10T18:13:39.510492,
cd73d04efca182ad,https://cf.linkedin.com/jobs/view/technicians-at-vangelder%E2%80%99s-automotive-4439356671,Technicians,VanGelder’s Automotive,posted,2026-07-10T23:36:53.836798,67
3f1d9ebf50961b5c,https://cf.linkedin.com/jobs/view/assemblage-veranda-s-buitendienst-service-at-veranda-s-demasure-4438364198,Assemblage veranda's buitendienst: service,,scraped,2026-07-10T23:37:00.388114,
695776376610b824,https://cf.linkedin.com/jobs/view/chef-cheffe-d-%C3%A9quipe-expert-e-en-%C3%A9nergie-at-ntu-international-a-s-4438619413,Chef / Cheffe d'Équipe - Expert(e) en Énergie,,scraped,2026-07-11T07:26:22.949057,
500c1dd9a764625c,https://cf.linkedin.com/jobs/view/mitarbeiter-empfang-m-w-d-at-service-plus-gmbh-4438383177,Mitarbeiter Empfang (m/w/d),,scraped,2026-07-11T07:26:34.839567,
e769d77118c9c020,https://cf.linkedin.com/jobs/view/qu%E1%BA%A3n-l%C3%BD-b%E1%BA%BFp-%C4%83n-c%C3%B4ng-nghi%E1%BB%87p-at-ssp-moulding-co-ltd-4438372682,Quản lý bếp ăn công nghiệp,,scraped,2026-07-11T11:35:19.257384,
412dfa20f702a932,https://cf.linkedin.com/jobs/view/guest-service-agent-at-niseko-tourism-4438947156,Guest Service Agent,,scraped,2026-07-11T15:33:59.498193,
e05fb50f9c26eb2e,https://cf.linkedin.com/jobs/view/gestionnaire-de-cas-1-at-world-vision-4439079511,Gestionnaire de cas-1,,scraped,2026-07-11T15:34:09.260215,
228ca54c50ad8e28,https://cf.linkedin.com/jobs/view/lagermitarbeiter-in-m-w-d-at-blend-hospitality-gmbh-4438919502,Lagermitarbeiter*in (m/w/d),,scraped,2026-07-11T15:34:17.842553,
98f947876fa30136,https://cf.linkedin.com/jobs/view/service-technician-at-mills-automotive-group-4436669876,Service Technician,Mills Automotive Group,posted,2026-07-11T19:56:24.142611,69
994f5938d4157de3,https://cf.linkedin.com/jobs/view/ervaren-service-technieker-at-actron-koeltechnieken-4436667321,ERVAREN SERVICE TECHNIEKER,Actron - Koeltechnieken,posted,2026-07-11T19:56:28.972452,65
fc5aa05dbd25572a,https://cf.linkedin.com/jobs/view/shiftleader-cleanroom-schijndel-at-hq-pack-4438887995,Shiftleader Cleanroom Schijndel,,scraped,2026-07-11T19:56:33.322458,
50cc8c0941a6f6be,https://cf.linkedin.com/jobs/view/ausbildungsplatz-personaldienstleistungskauffrau-mann-divers-at-3s-gmbh-co-kg-4437758368,Ausbildungsplatz Personaldienstleistungskauffrau/Mann /Divers,,scraped,2026-07-11T19:56:40.308190,
c68ac2e94a32213e,https://cf.linkedin.com/jobs/view/highline-service-technician-at-mills-automotive-group-4435929056,HIGHLINE SERVICE TECHNICIAN,Mills Automotive Group,posted,2026-07-11T19:56:57.156729,71
d5e6e9d95e3ffce8,https://cf.linkedin.com/jobs/view/sahara-group-graduate-management-trainee-program-2023-at-scholarship-avenue-4438933936,Sahara Group Graduate Management Trainee Program 2023,,scraped,2026-07-13T16:44:40.726275,
7a2025a9ef256cff,https://cf.linkedin.com/jobs/view/responsable-de-recherche-pour-la-r%C3%A9publique-centrafricaine-bas%C3%A9-e-%C3%A0-bangui-link-for-external-applicants-at-impact-initiatives-4438380865,"Responsable de Recherche pour la République Centrafricaine, basé.e à Bangui (Link For External Applicants)",IMPACT Initiatives,posted,2026-07-13T16:45:22.698367,73
6e0f54e5cee9cdff,https://cf.linkedin.com/jobs/view/responsable-de-recherche-pour-la-r%C3%A9publique-centrafricaine-bas%C3%A9-%C3%A0-bangui-link-for-internal-applicants-at-impact-initiatives-4438387682,"Responsable de Recherche pour la République Centrafricaine, basé à Bangui (Link For Internal Applicants)",IMPACT Initiatives,posted,2026-07-13T16:45:40.399985,75
e1b63fd0634e730f,https://cf.linkedin.com/jobs/view/automotive-service-advisor-at-mills-automotive-group-4437211462,Automotive Service Advisor,Mills Automotive Group,posted,2026-07-13T16:45:58.707607,77
a76baaeef63ae217,https://cf.linkedin.com/jobs/view/residential-service-coordinator-at-arnold-center-inc-4439679553,Residential Service Coordinator,"Arnold Center, Inc.",posted,2026-07-20T15:24:05.017909,79
12575379c897ac07,https://cf.linkedin.com/jobs/view/automotive-service-technician-at-snohomish-county-transportation-coalition-4440704824,Automotive Service Technician,Snohomish County Transportation Coalition,posted,2026-07-20T15:24:10.054822,25
75a1d063671d70fe,https://cf.linkedin.com/jobs/view/service-at-nill%2Britz-cnc-technik-gmbh-4442439847,Service,,scraped,2026-07-20T15:24:12.778732,
37d6b45c1a32bb1f,https://cf.linkedin.com/jobs/view/administrateur-financier-4442154677,Administrateur financier,Compte personnel,posted,2026-07-20T15:24:25.318774,81
0dcb62b5eac5857c,https://cf.linkedin.com/jobs/view/service-desk-technician-at-conessis-4442578839,Service Desk Technician,,scraped,2026-07-20T15:24:27.992284,
7562994215437fdf,https://cf.linkedin.com/jobs/view/associe-e-au-projet-poste-r%C3%A9serv%C3%A9-exclusivement-aux-ressortissants-centrafricains-at-undp-careers-4441477796,Associe(e) au Projet (poste réservé exclusivement aux Ressortissants Centrafricains),UNDP Careers,posted,2026-07-20T15:24:43.710123,83
cc400b3853f1496d,https://cf.linkedin.com/jobs/view/vacature-allround-service-monteur-at-otte-bouw-4442535969,VACATURE ALLROUND SERVICE MONTEUR,,scraped,2026-07-20T15:24:46.347699,
b5ef70a5301c1308,https://cf.linkedin.com/jobs/view/kitchen-team-lead-full-time-at-catholic-charities-diocese-of-paterson-4441151262,Kitchen Team Lead (Full-Time),"Catholic Charities, Diocese of Paterson",posted,2026-07-20T15:24:59.944288,85
977c8435e6b1ab64,https://cf.linkedin.com/jobs/view/programme-coordinator-livelihoods-p-at-iom-un-migration-4441942831,Programme Coordinator (Livelihoods) (P),IOM - UN Migration,posted,2026-07-20T15:25:14.245225,87
da6463c0c1345891,https://cf.linkedin.com/jobs/view/hvac-service-technician-at-universe-appliance-repairs-inc-4442524716,HVAC Service Technician,UNIVERSE APPLIANCE REPAIRS INC,posted,2026-07-20T15:25:25.023849,89
ae649cbee347f8c3,https://cf.linkedin.com/jobs/view/lingala-bilingual-expert-remote-at-yo-it-consulting-4440624353,Lingala Bilingual Expert - Remote,,scraped,2026-07-20T15:25:27.755921,
6c7e9c34dcada550,https://cf.linkedin.com/jobs/view/service-monteur-watertechnische-installaties-at-gekopwater-nl-4442594370,(Service) Monteur Watertechnische Installaties,,scraped,2026-07-20T15:25:34.395070,
d2136e1aadd4acb5,https://cf.linkedin.com/jobs/view/expert-senior-ppp-participation-du-secteur-priv%C3%A9-at-ntu-international-a-s-4438466724,Expert Senior PPP / Participation du Secteur Privé,,scraped,2026-07-20T15:25:41.170544,
32df0e81624ef9c9,https://cf.linkedin.com/jobs/view/azure-architect-at-odixcity-consulting-4442723839,Azure Architect,Odixcity Consulting,posted,2026-07-20T15:25:55.852761,91
064a603d65e8fa1a,https://cf.linkedin.com/jobs/view/backend-engineer-annotator-at-odixcity-consulting-4442737356,Backend Engineer Annotator,Odixcity Consulting,posted,2026-07-20T15:26:04.997308,93
aff6ba917eb9b703,https://cf.linkedin.com/jobs/view/junior-non-key-experts-in-the-digital-connectivity-study-for-agriculture-and-education-prida-ii-at-ntu-international-a-s-4442589974,Junior Non Key Experts in the Digital Connectivity Study for Agriculture and Education (PRIDA II),,scraped,2026-07-20T15:26:07.652254,
fd7cb6ae0d049720,https://cf.linkedin.com/jobs/view/expert-senior-en-%C3%A9nergies-renouvelables-at-ntu-international-a-s-4441499142,Expert Senior en Énergies Renouvelables,,scraped,2026-07-20T15:26:15.115944,
4d6acc4009871532,https://cf.linkedin.com/jobs/view/senior-support-worker-at-together-for-mental-wellbeing-4442512187,Senior Support Worker,,scraped,2026-07-20T15:26:22.569344,
14cbe37c44012d0a,https://cf.linkedin.com/jobs/view/daniel-smith-at-edins-byggkranar-ab-4443807612,Daniel Smith,,scraped,2026-07-27T16:05:49.927606,
e2424231b9d1cb3f,https://cf.linkedin.com/jobs/view/service-service-at-work-in-norwich-4444935894,Service Service,Work In Norwich,posted,2026-07-27T16:06:06.070744,95
f0a945fd16655288,https://cf.linkedin.com/jobs/view/mbo-at-rak-vision-ab-4445315392,MBO,RAK VISION AB,posted,2026-07-27T16:06:17.174563,97
6936b15bb6cb5a4d,https://cf.linkedin.com/jobs/view/service-engineers-at-zener-marine-services-egypt-4443761361,Service Engineers,Zener Marine Services Egypt,posted,2026-07-27T16:06:32.832537,99
bb3441d109b9959f,https://cf.linkedin.com/jobs/view/office-assistant-service-at-sabnam-exports-4444857241,Office Assistant Service,Sabnam Exports,posted,2026-07-27T16:06:42.145649,101
6f17ecc0a5edfe1a,https://cf.linkedin.com/jobs/view/technicians-at-coit-auto-care-4444859850,Technicians,Coit Auto Care,posted,2026-07-27T16:06:47.100655,67
f403e7f87cfe9672,https://cf.linkedin.com/jobs/view/service-technician-at-windy-city-mechanical-inc-4445145280,Service Technician,"WINDY CITY MECHANICAL, INC.",posted,2026-07-27T16:06:52.935587,69
682c08a6bee71a2b,https://cf.linkedin.com/jobs/view/service-technician-at-siyan-ltd-4441555732,Service Technician,,scraped,2026-07-27T16:06:55.507081,
5ed3dcc056a0307f,https://cf.linkedin.com/jobs/view/illustrator-at-odixcity-consulting-4445659577,Illustrator,Odixcity Consulting,posted,2026-07-27T16:07:07.867908,103
b7549c3eec1f608b,https://cf.linkedin.com/jobs/view/service-positions-at-chapman-hyundai-4445661005,Service Positions,Chapman Hyundai,posted,2026-07-27T16:07:17.061458,105
393c0291d2de528b,https://cf.linkedin.com/jobs/view/building-service-technician-at-earle-school-district-4443944885,Building Service Technician,Earle School District,posted,2026-07-27T16:07:26.547480,107
3e112cb8aab9bb29,https://cf.linkedin.com/jobs/view/service-request-at-key-systems-inc-4444993185,Service Request,Key Systems Inc.,posted,2026-07-27T16:07:35.850344,109
c999dae11a16974e,https://cf.linkedin.com/jobs/view/placement-service-at-sabnam-exports-4444867201,Placement Service,Sabnam Exports,posted,2026-07-27T16:07:45.453485,111
d1a12c33c4eb91a7,https://cf.linkedin.com/jobs/view/domestic-placement-service-at-sabnam-exports-4444852259,Domestic Placement Service,Sabnam Exports,posted,2026-07-27T16:07:54.910723,113
839e8c71e57cbb6f,https://cf.linkedin.com/jobs/view/%C3%BCcretlendirme-ve-yan-haklar-at-vov-mevduat-4445623934,Ücretlendirme ve Yan Haklar,VOV Mevduat,posted,2026-07-27T16:08:05.214181,115
8f2df0145dced19b,https://cf.linkedin.com/jobs/view/client-service-manager-at-business-by-the-book-4443933053,Client Service Manager,Business by the Book,posted,2026-07-27T16:08:15.013748,117
86d418f3113eaf49,https://cf.linkedin.com/jobs/view/service-technician-at-vineyard-sound-integration-4440473645,SERVICE TECHNICIAN,Vineyard Sound Integration,posted,2026-07-27T16:08:19.977418,69
57820c851fcf4b5c,https://cf.linkedin.com/jobs/view/operations-research-analyst-at-army-civilian-careers-at-uci-oc-alliance-4445383605,Operations Research Analyst at Army Civilian Careers,UCI-OC Alliance,posted,2026-07-27T16:08:30.331306,119
a854c267d2436fcf,https://cf.linkedin.com/jobs/view/driver-at-world-vision-4443388217,DRIVER,,scraped,2026-07-27T16:08:34.758925,
95fa33b6528d6959,https://cf.linkedin.com/jobs/view/senior-finance-risk-compliance-officer-at-international-federation-of-red-cross-and-red-crescent-societies-ifrc-4445930435,"Senior Finance, Risk & Compliance Officer",,scraped,2026-07-27T16:08:41.243236,
5de25068d6282002,https://cf.linkedin.com/jobs/view/project-coordinator-displacement-tracking-matrix-dtm-p-at-iom-un-migration-4443812940,Project Coordinator (Displacement Tracking Matrix (DTM)) (P),IOM - UN Migration,posted,2026-07-27T16:08:58.776404,121
f52604702a9474d2,https://cf.linkedin.com/jobs/view/ervaren-service-technieker-at-actron-koeltechnieken-4442358639,ERVAREN SERVICE TECHNIEKER,Actron - Koeltechnieken,posted,2026-07-27T16:09:03.736147,65
d13815f6fddcc4a2,https://cf.linkedin.com/jobs/view/automotive-service-advisor-at-mills-automotive-group-4444044862,Automotive Service Advisor,Mills Automotive Group,posted,2026-07-27T16:09:08.566476,77
27dac9e146b6564d,https://cf.linkedin.com/jobs/view/expert-senior-r%C3%A9duction-des-pertes-techniques-et-commerciales-at-ntu-international-a-s-4444443047,Expert Senior Réduction des Pertes Techniques et Commerciales,,scraped,2026-07-27T16:09:11.287512,
a0ad98a12561ef59,https://cf.linkedin.com/jobs/view/vehicle-service-worker-at-snohomish-county-transportation-coalition-4447613599,Vehicle Service Worker,Snohomish County Transportation Coalition,posted,2026-08-03T16:43:23.055581,123
ca00476f921c0461,https://cf.linkedin.com/jobs/view/automotive-service-technician-at-snohomish-county-transportation-coalition-4447600992,Automotive Service Technician,Snohomish County Transportation Coalition,posted,2026-08-03T16:43:27.751233,25
a7831a54d4b2a86c,https://cf.linkedin.com/jobs/view/service-ambassador-at-snohomish-county-transportation-coalition-4447624011,Service Ambassador,Snohomish County Transportation Coalition,posted,2026-08-03T16:43:36.343685,125
a5515a05bbd2d2e5,https://cf.linkedin.com/jobs/view/service-advisor-%E2%80%93-tesla-at-upcoming-engineer-4447494946,Service Advisor – Tesla,,scraped,2026-08-03T16:43:38.935909,
d95162600d601dc6,https://cf.linkedin.com/jobs/view/script-writer-at-odixcity-consulting-4444511605,Script writer,Odixcity Consulting,posted,2026-08-03T16:43:54.924301,127
a39fe4978a44c8fd,https://cf.linkedin.com/jobs/view/legal-assistant-at-odixcity-consulting-4446527932,Legal Assistant,Odixcity Consulting,posted,2026-08-03T16:44:02.797818,129
45e515ea05470af4,https://cf.linkedin.com/jobs/view/brand-designer-at-odixcity-consulting-4446533801,Brand designer,Odixcity Consulting,posted,2026-08-03T16:44:10.413324,131
32c967509c41b3d5,https://cf.linkedin.com/jobs/view/story-teller-at-odixcity-consulting-4446175702,Story teller,Odixcity Consulting,posted,2026-08-03T16:44:17.677037,133
60b25674f6da91ef,https://cf.linkedin.com/jobs/view/learning-and-development-manager-at-odixcity-consulting-4446541359,Learning and development manager,Odixcity Consulting,posted,2026-08-03T16:44:24.796814,135
a566daaea8bcefbf,https://cf.linkedin.com/jobs/view/spontaneous-application-at-alkmist-4448923755,Spontaneous Application,Alkmist,posted,2026-08-10T11:29:36.001569,137
881aa9f66f697e5c,https://cf.linkedin.com/jobs/view/bountex-departr-at-bountex-labs-4448581885,BountEx Departr,BountEx Labs,posted,2026-08-10T11:29:45.067382,139
7fa641c8a4e594bf,https://cf.linkedin.com/jobs/view/single-id-and-certificate-building-at-just-krishna-things-4448958632,Single ID and Certificate Building,Just Krishna Things,posted,2026-08-10T11:29:54.820753,141
680d2daed7f0df79,https://cf.linkedin.com/jobs/view/army-ranks-a-complete-guide-to-enlisted-and-officer-ranks-at-naval-legal-services-office-nw-4448964668,Army Ranks: A Complete Guide to Enlisted and Officer Ranks,Naval Legal Services Office NW,posted,2026-08-10T11:30:05.881158,143
8de897e7855f1a7d,https://cf.linkedin.com/jobs/view/building-service-technician-at-earle-school-district-4449997185,Building Service Technician,Earle School District,posted,2026-08-10T11:30:10.603745,107
93142bc1e8aa6707,https://cf.linkedin.com/jobs/view/service-at-airinternet%C2%AE-4448575648,Service,,scraped,2026-08-10T11:30:13.181226,
34abc4d76127f72e,https://cf.linkedin.com/jobs/view/service-technicians-at-chapman-value-center-4448086108,Service Technicians,Chapman Value Center,posted,2026-08-10T11:30:29.495891,145
5e6490652190ae6a,https://cf.linkedin.com/jobs/view/stabilization-delivery-at-ruediger-gleba-consulting-4450610114,Stabilization & Delivery,Ruediger Gleba Consulting,posted,2026-08-10T11:30:38.645095,147
4763ff7de86a49f2,https://cf.linkedin.com/jobs/view/open-source-espionage-3-at-etherpad-4449661760,open source Espionage 3,Etherpad,posted,2026-08-10T11:30:49.188793,149
ba48e0ab447de4e4,https://cf.linkedin.com/jobs/view/service-advisor-at-sunoco-hughes-motors-corporation-4450676542,Service Advisor,Sunoco Hughes Motors Corporation,posted,2026-08-10T11:30:54.003123,53
5acc6b5b6bb12fc4,https://cf.linkedin.com/jobs/view/service-writing-position-desired-at-dealerrefresh-4450597064,Service Writing position desired.,DealerRefresh,posted,2026-08-10T11:31:03.885086,151
f11df19195d9f6d5,https://cf.linkedin.com/jobs/view/automotive-service-technician-at-snohomish-county-transportation-coalition-4449323452,Automotive Service Technician,Snohomish County Transportation Coalition,posted,2026-08-10T11:31:08.622564,25
dbb8117b5e8c1df6,https://cf.linkedin.com/jobs/view/service-at-nill%2Britz-cnc-technik-gmbh-4449082362,Service,,scraped,2026-08-10T11:31:11.173962,
c4f02620640f1879,https://cf.linkedin.com/jobs/view/prenez-votre-envol-avec-nous%E2%80%A6-nous-recrutons-un-contr%C3%B4leur-de-gestion-rh-h-f-at-air-c%C3%B4te-d-ivoire-4448497218,Prenez votre envol avec nous… Nous recrutons un Contrôleur de Gestion RH (H/F),Air Côte d'Ivoire,posted,2026-08-10T11:31:25.652868,153
b90af3346e0b0cee,https://cf.linkedin.com/jobs/view/service-coordinator-at-psi-process-pumping-services-inc-4449220593,Service Coordinator,"PSI Process / Pumping Services, Inc.",posted,2026-08-10T11:31:34.538211,155
0d50042cb9646930,https://cf.linkedin.com/jobs/view/audit-ia-complet-%E2%80%94-votre-feuille-de-route-en-moins-de-deux-semaines-at-nexum-intelligence-4448033258,Audit IA complet — Votre feuille de route en moins de deux semaines,Nexum Intelligence,posted,2026-08-10T11:31:43.430811,157
0e882396314c473c,https://cf.linkedin.com/jobs/view/prenez-votre-envol-avec-nous%E2%80%A6-nous-recrutons-un-administrateur-applications-m%C3%A9tiers-h-f-at-air-c%C3%B4te-d-ivoire-4448494253,Prenez votre envol avec nous… Nous recrutons un Administrateur Applications Métiers (H/F),Air Côte d'Ivoire,posted,2026-08-10T11:31:52.547967,159
841b5c1a851431dc,https://cf.linkedin.com/jobs/view/agent-de-syst%C3%A8me-d%E2%80%99informations-de-gestion-4449902250,Agent de système d’informations de gestion,Centre de Formation NGANA-TECH,posted,2026-08-10T11:31:59.938476,161
ca8eac4d4ab422fe,https://cf.linkedin.com/jobs/view/design-at-iteluvia-4449630474,Design.,Iteluvia,posted,2026-08-10T11:32:09.332977,163
8484a8b95a7bea9a,https://cf.linkedin.com/jobs/view/na%C3%ABtt-mbaye-at-eci-talent-artistic-agency-4448594123,Naëtt MBAYE,,scraped,2026-08-10T11:32:11.938797,
5c48f7cc1690b907,https://cf.linkedin.com/jobs/view/now-hiring-service-director-relo-available%21-at-dealerrefresh-4450750571,Now Hiring- Service Director - Relo Available!,DealerRefresh,posted,2026-08-10T11:32:31.524274,165
67583c8241eb31f2,https://cf.linkedin.com/jobs/view/service-technieker-at-netconnect-bv-4448184176,Service Technieker,,scraped,2026-08-10T11:32:34.103850,
b549408bc0569af4,https://cf.linkedin.com/jobs/view/senior-supply-chain-associate-assets-at-vacancies-at-iom-indonesia-4451507626,Senior Supply Chain Associate-Assets,Vacancies at IOM Indonesia,posted,2026-08-10T11:32:53.451489,167
18ca2751da36f4b2,https://cf.linkedin.com/jobs/view/der-verlorene-mann-at-kommunales-kino-mon-ami-4449686441,Der verlorene Mann,Kommunales Kino mon ami,posted,2026-08-10T11:33:04.622619,169
9aa2bcf4a4fb60f7,https://cf.linkedin.com/jobs/view/ervaren-service-technieker-at-actron-koeltechnieken-4449282860,ERVAREN SERVICE TECHNIEKER,Actron - Koeltechnieken,posted,2026-08-10T11:33:09.770603,65
e0dec4a3d9a3804d,https://cf.linkedin.com/jobs/view/consultant-gynecologist-at-international-medical-corps-4440571187,Consultant-Gynecologist,International Medical Corps,posted,2026-08-10T11:33:20.107865,171
51edc686edcf890d,https://cf.linkedin.com/jobs/view/service-ambassador-at-snohomish-county-transportation-coalition-4449326438,Service Ambassador,Snohomish County Transportation Coalition,posted,2026-08-10T11:33:25.076110,125
260480b476314103,https://cf.linkedin.com/jobs/view/service-desk-medewerker-at-hinfelaar-tech-group-4448944666,SERVICE DESK MEDEWERKER,,scraped,2026-08-10T11:33:27.651441,
86a03850334c6d48,https://cf.linkedin.com/jobs/view/automotive-service-advisor-at-mills-automotive-group-4449278156,Automotive Service Advisor,Mills Automotive Group,posted,2026-08-10T11:34:41.005239,77
a106aed50fed83d8,https://cf.linkedin.com/jobs/view/internal-service-advisor-at-mills-automotive-group-4449262874,Internal Service Advisor,Mills Automotive Group,posted,2026-08-10T11:34:50.882459,173
8c634a797846e0f0,https://cf.linkedin.com/jobs/view/adult-educator-panel-at-kilkenny-and-carlow-education-and-training-board-training-services-4447308414,Adult Educator Panel,,scraped,2026-08-10T11:34:53.516272,
fabd089d542041f7,https://cf.linkedin.com/jobs/view/praktika-at-sodi-e-v-4451039215,Praktika,,scraped,2026-08-10T11:36:03.634806,
e3f509cbf2100b0d,https://cf.linkedin.com/jobs/view/telefonist-at-service-telefoon-centrale-4449684244,Telefonist,,scraped,2026-08-10T11:37:14.541960,
870662de06e9988f,https://cf.linkedin.com/jobs/view/client-services-manager-resume-at-growmyresume-4449176243,Client Services Manager Resume,growmyresume,posted,2026-08-10T11:38:33.761128,175
cd8968ee822cc115,https://cf.linkedin.com/jobs/view/prenez-votre-envol-avec-nous%E2%80%A6-nous-recrutons-un-agent-r%C3%A9gulation-et-transport-h-f-at-air-c%C3%B4te-d-ivoire-4448498244,Prenez votre envol avec nous… Nous recrutons un Agent Régulation et Transport (H/F),Air Côte d'Ivoire,posted,2026-08-10T11:38:42.815407,177
dd6cdbce8d58cced,https://cf.linkedin.com/jobs/view/customer-success-manager-resume-at-growmyresume-4449159477,Customer Success Manager Resume,growmyresume,posted,2026-08-10T11:38:52.070048,179
cc380fc0ab1ffb4c,https://cf.linkedin.com/jobs/view/prenez-votre-envol-avec-nous-nous-recrutons-un-superviseur-d-assistance-passage-h-f-at-air-c%C3%B4te-d-ivoire-4448495246,Prenez votre envol avec nous... Nous recrutons un Superviseur d'Assistance Passage H/F,Air Côte d'Ivoire,posted,2026-08-10T11:39:03.865450,181
49b4874b0378378b,https://cf.linkedin.com/jobs/view/senior-supply-chain-associate-assets-at-iom-un-migration-4451504355,Senior Supply Chain Associate-Assets,IOM - UN Migration,posted,2026-08-10T11:39:12.356584,167
fbbd05290f1e9402,https://cf.linkedin.com/jobs/view/service-positions-at-dealerrefresh-4450754463,Service Positions,DealerRefresh,posted,2026-08-10T11:39:17.047501,105
aa7e5510f52af73a,https://cf.linkedin.com/jobs/view/prenez-votre-envol-avec-nous%E2%80%A6-nous-recrutons-un-e-assistant-e-d%C3%A9veloppement-rh-at-air-c%C3%B4te-d-ivoire-4448485578,Prenez votre envol avec nous… Nous recrutons un(e) Assistant(e) Développement RH,Air Côte d'Ivoire,posted,2026-08-10T11:39:25.866919,183
6e607d6e0e2fa0f5,https://cf.linkedin.com/jobs/view/sales-specialist-at-zoomlion-south-africa-4454397222,Sales Specialist,,scraped,2026-08-17T08:09:09.967845,
55dc8a4aee3c0107,https://cf.linkedin.com/jobs/view/analyste-de-programme-vbg-crsv-et-s%C3%A9curit%C3%A9-communautaire-bangui-nb4-npsa8-at-un-women-4452634383,"Analyste de programme, VBG/CRSV et sécurité communautaire, Bangui, NB4, NPSA8",UN Women,posted,2026-08-17T08:09:26.089339,185
1e5f32fea190fddd,https://cf.linkedin.com/jobs/view/finance-operations-manager-at-street-child-4451537001,Finance & Operations Manager,,scraped,2026-08-17T08:09:28.619235,
1bb630ead3e708c2,https://cf.linkedin.com/jobs/view/network-support-engineer-central-african-republic-at-brilliant-computers-citadel-and-information-technology-4453203326,Network Support Engineer (Central African Republic),,scraped,2026-08-17T08:09:35.431145,
d257900ab8580ed5,https://cf.linkedin.com/jobs/view/%C3%A4r-du-v%C3%A5r-n%C3%A4sta-ventilationstekniker%3F-at-ab-franska-bukten-4451272627,Är du vår nästa Ventilationstekniker?,,scraped,2026-08-17T08:09:43.269252,
a2a4de5da6bb4816,https://cf.linkedin.com/jobs/view/area-manager-car-bouar-at-norwegian-refugee-council-4453145540,Area Manager CAR Bouar,,scraped,2026-08-17T08:09:55.623996,
cadd7a764943ca05,https://cf.linkedin.com/jobs/view/service-technician-at-attic-pros-4451724205,Service Technician,Attic Pros,posted,2026-08-17T08:10:04.803943,69
4b6da928fe63c4fa,https://cf.linkedin.com/jobs/view/ervaren-service-technieker-at-actron-koeltechnieken-4452235012,ERVAREN SERVICE TECHNIEKER,Actron - Koeltechnieken,posted,2026-08-17T08:10:09.658105,65
c3edb06ba94b7dc1,https://cf.linkedin.com/jobs/view/sp%C3%A9cialiste-juridique-de-la-chambre-d%E2%80%99accusation-speciale-de-la-cour-penale-speciale-ouvert-aux-candidats-internes-externes-at-undp-careers-4454800207,Spécialiste Juridique de la Chambre d’Accusation speciale de la Cour Penale Speciale[ ouvert aux candidats internes & externes],UNDP Careers,posted,2026-08-17T08:10:18.836191,187
6a9564145b4c2440,https://cf.linkedin.com/jobs/view/food-services-director-at-cbrc-health-fitness-4450182922,FOOD SERVICES DIRECTOR,CBRC Health &amp; Fitness,posted,2026-08-17T08:10:27.715747,189
e8ae7400c5a32b4e,https://cf.linkedin.com/jobs/view/lead-conservation-pilot-northeastern-central-african-republic-at-wildlife-conservation-society-4455739224,"Lead Conservation Pilot, Northeastern Central African Republic",Wildlife Conservation Society,posted,2026-08-24T08:22:18.647051,191
8cd078c848fc84b2,https://cf.linkedin.com/jobs/view/service-technician-at-einst-technology-4456787441,SERVICE TECHNICIAN,,scraped,2026-08-24T08:22:21.223762,
c79d0fd90d89f857,https://cf.linkedin.com/jobs/view/savannah-lsa-conservation-pilot-at-wildlife-conservation-society-4455723406,Savannah LSA Conservation Pilot,Wildlife Conservation Society,posted,2026-08-24T08:22:36.421819,193
51574abf2e8e2cfa,https://cf.linkedin.com/jobs/view/accountability-and-safeguarding-coordinator-africa-based-2025821-at-world-relief-4452822258,Accountability and Safeguarding Coordinator - Africa Based (2025821),World Relief,posted,2026-08-24T08:22:44.983814,195
f8302fbf78b36656,https://cf.linkedin.com/jobs/view/general-manager-sales-at-globalis-trading-sa-4454421451,General Manager Sales,,scraped,2026-08-24T08:22:49.365324,
370b1be6bf660bed,https://cf.linkedin.com/jobs/view/prenez-votre-envol-avec-nous%E2%80%A6-nous-recrutons-un-assistant-rh-social-et-rse-h-f-at-air-c%C3%B4te-d-ivoire-4452805490,"Prenez votre envol avec nous… Nous recrutons un Assistant RH, Social et RSE (H/F)",Air Côte d'Ivoire,posted,2026-08-24T08:23:04.824110,197
f54e8797cca66f48,https://cf.linkedin.com/jobs/view/analyste-juridique-au-corps-sp%C3%A9cial-d-avocats-ouvert-aux-candidats-internes-externes-at-undp-careers-4455354617,Analyste juridique au Corps Spécial d'Avocats [ ouvert aux candidats internes & externes],UNDP Careers,posted,2026-08-24T08:23:14.312846,199
dd5ba98acba3f9a3,https://cf.linkedin.com/jobs/view/aviation-specialist-at-ntu-international-a-s-4457361089,Aviation Specialist,,scraped,2026-08-24T08:23:16.867034,
9a87064a64575e52,https://cf.linkedin.com/jobs/view/ports-and-shipping-specialist-at-ntu-international-a-s-4455274432,Ports and Shipping Specialist,,scraped,2026-08-24T08:23:24.214491,
